Vehicle_ID,Lane,Frame,Timestamp
6,3,1,0.0
5,3,1,0.0
4,3,1,0.0
3,3,1,0.0
2,3,1,0.0
1,3,1,0.0
7,3,2,0.033
10,3,11,0.333
9,3,11,0.333
3,2,13,0.4
11,3,14,0.433
15,3,22,0.7000000000000001
14,3,22,0.7000000000000001
3,1,22,0.7000000000000001
18,3,31,1.0
26,3,40,1.3
27,3,41,1.333
29,3,42,1.367
32,3,44,1.433
28,3,45,1.467
31,3,46,1.5
33,3,48,1.567
35,2,58,1.9000000000000001
33,2,61,2.0
36,3,64,2.1
39,2,65,2.133
38,2,65,2.133
41,3,67,2.2
38,1,69,2.267
46,3,79,2.6
44,3,79,2.6
45,3,81,2.6670000000000003
48,3,84,2.767
50,3,91,3.0
52,3,97,3.2
53,3,98,3.233
50,2,103,3.4
56,3,105,3.467
57,3,107,3.533
50,1,109,3.6
60,3,111,3.6670000000000003
62,3,112,3.7
61,3,113,3.733
65,3,124,4.1
69,3,125,4.133
72,3,129,4.267
75,3,135,4.4670000000000005
76,3,137,4.533
78,3,139,4.6000000000000005
86,3,155,5.133
85,3,156,5.167
87,3,159,5.267
18,2,165,5.466
94,3,173,5.7330000000000005
98,3,181,6.0
99,3,189,6.266
102,3,192,6.3660000000000005
105,3,193,6.4
109,3,200,6.633
114,3,205,6.8
110,3,205,6.8
115,3,206,6.833
109,2,210,6.966
119,3,217,7.2
120,3,221,7.333
122,3,224,7.433
124,3,228,7.566
123,3,228,7.566
115,2,231,7.666
127,3,236,7.833
131,3,237,7.8660000000000005
134,3,239,7.933
135,3,241,8.0
136,3,242,8.033
144,3,247,8.2
141,3,247,8.2
145,3,249,8.266
151,3,254,8.433
150,3,254,8.433
154,3,257,8.533
156,3,258,8.566
158,3,259,8.6
159,3,260,8.633
160,3,263,8.733
162,3,265,8.8
151,2,267,8.866
164,3,269,8.933
168,3,271,9.0
171,3,276,9.166
176,3,282,9.366
176,2,286,9.5
179,2,291,9.666
177,3,291,9.666
181,3,294,9.766
176,1,296,9.833
185,3,302,10.033
186,3,308,10.233
188,3,314,10.433
191,3,320,10.633
201,3,333,11.067
205,3,335,11.134
204,3,335,11.134
203,3,335,11.134
135,2,339,11.267
208,2,341,11.334
216,3,347,11.534
215,3,347,11.534
217,3,349,11.6
208,1,349,11.6
219,3,351,11.667
223,3,354,11.767
221,3,354,11.767
228,3,357,11.867
227,3,357,11.867
231,3,361,12.0
238,3,364,12.1
240,3,366,12.167
234,3,366,12.167
241,3,368,12.234
244,3,372,12.367
245,3,374,12.434000000000001
244,2,374,12.434000000000001
247,3,381,12.667
249,2,383,12.734
250,3,385,12.8
249,1,387,12.867
254,3,395,13.134
253,3,395,13.134
255,3,399,13.267
257,3,401,13.334
259,3,410,13.634
260,3,412,13.700000000000001
262,3,414,13.767
266,3,420,13.967
271,3,428,14.234
273,3,436,14.5
275,3,443,14.734
276,3,447,14.867
277,3,450,14.967
279,3,454,15.1
280,3,456,15.167
282,3,460,15.3
281,3,461,15.334
284,3,464,15.434000000000001
286,3,467,15.534
287,3,471,15.667
286,2,471,15.667
289,3,476,15.834
290,3,481,16.0
292,3,490,16.3
293,3,496,16.5
296,3,498,16.567
299,3,507,16.867
301,3,511,17.0
303,3,518,17.233
305,3,520,17.3
307,3,524,17.433
308,3,528,17.567
312,3,534,17.767
308,2,535,17.8
314,3,540,17.967
315,3,544,18.1
318,3,546,18.167
308,1,548,18.233
321,3,550,18.3
323,1,551,18.333000000000002
325,3,552,18.367
329,3,571,19.0
330,3,572,19.033
331,3,578,19.233
333,3,581,19.333000000000002
336,3,591,19.667
337,3,593,19.733
338,3,595,19.8
337,2,596,19.833000000000002
339,3,597,19.867
340,3,602,20.033
344,3,608,20.233
337,1,610,20.3
346,3,611,20.333000000000002
353,3,628,20.900000000000002
356,3,639,21.267
353,2,645,21.466
357,3,653,21.733
353,1,653,21.733
359,3,656,21.833000000000002
361,3,657,21.866
368,3,663,22.066
369,3,664,22.1
371,3,668,22.233
370,3,668,22.233
376,3,677,22.533
369,2,679,22.6
380,3,691,23.0
381,3,694,23.1
392,3,715,23.8
395,3,718,23.900000000000002
396,3,720,23.966
402,3,724,24.1
397,3,724,24.1
404,3,727,24.2
405,3,728,24.233
406,3,730,24.3
410,3,734,24.433
411,3,735,24.466
412,3,739,24.6
416,3,750,24.966
411,2,751,25.0
420,3,753,25.066
421,3,755,25.133
424,3,764,25.433
423,3,765,25.466
426,3,768,25.566
427,3,771,25.666
428,3,777,25.866
429,3,778,25.900000000000002
434,3,782,26.033
433,3,782,26.033
436,3,790,26.3
437,3,792,26.366
437,2,795,26.466
440,3,800,26.633
442,2,802,26.7
447,3,806,26.834
445,2,808,26.900000000000002
450,3,816,27.167
454,3,820,27.3
456,3,824,27.434
461,3,828,27.567
462,3,829,27.6
464,3,830,27.634
466,3,833,27.734
465,3,834,27.767
469,3,836,27.834
472,3,839,27.934
471,3,839,27.934
474,3,842,28.034
477,3,850,28.3
486,3,853,28.400000000000002
493,3,863,28.734
490,3,864,28.767
495,3,869,28.934
499,3,875,29.134
500,3,881,29.334
507,3,888,29.567
508,3,894,29.767
511,3,897,29.867
515,3,900,29.967000000000002
514,3,902,30.034
442,1,910,30.3
520,3,912,30.367
521,3,913,30.400000000000002
522,3,914,30.434
524,3,916,30.5
527,3,924,30.767
528,3,929,30.934
530,3,934,31.1
531,3,936,31.167
533,3,937,31.2
532,3,937,31.2
537,3,943,31.400000000000002
538,3,945,31.467000000000002
541,3,948,31.567
542,3,949,31.6
540,3,949,31.6
547,3,954,31.767
515,2,956,31.834
550,3,958,31.900000000000002
553,2,966,32.167
555,3,967,32.2
554,2,967,32.2
557,3,976,32.5
560,3,978,32.567
561,3,979,32.6
563,3,980,32.633
565,2,981,32.667
566,3,988,32.9
567,2,990,32.967
568,3,991,33.0
567,1,997,33.2
578,1,1003,33.4
576,3,1003,33.4
579,3,1006,33.5
581,3,1010,33.633
580,3,1010,33.633
585,3,1015,33.8
587,3,1017,33.867
590,3,1019,33.933
589,3,1020,33.967
593,3,1024,34.1
594,3,1025,34.133
599,3,1030,34.300000000000004
603,3,1034,34.433
602,3,1034,34.433
605,3,1035,34.467
606,3,1036,34.5
609,3,1039,34.6
611,3,1040,34.633
610,3,1040,34.633
608,3,1040,34.633
612,3,1041,34.667
614,3,1042,34.7
613,3,1044,34.767
617,3,1049,34.933
616,3,1049,34.933
618,3,1051,35.0
619,3,1053,35.067
621,3,1055,35.133
620,3,1056,35.167
629,3,1060,35.300000000000004
628,3,1060,35.300000000000004
632,3,1063,35.4
639,3,1078,35.9
642,3,1079,35.933
646,3,1083,36.067
648,3,1086,36.167
647,3,1086,36.167
651,3,1087,36.2
652,3,1088,36.233000000000004
658,3,1092,36.367
660,3,1095,36.467
662,3,1097,36.533
664,3,1099,36.6
663,3,1099,36.6
668,3,1103,36.733000000000004
666,3,1103,36.733000000000004
671,3,1107,36.867
670,3,1107,36.867
666,2,1109,36.933
675,3,1112,37.033
674,3,1112,37.033
676,3,1114,37.1
677,3,1119,37.267
680,3,1120,37.300000000000004
683,3,1123,37.4
686,3,1124,37.433
688,3,1126,37.5
691,3,1130,37.633
694,3,1131,37.666000000000004
698,3,1135,37.800000000000004
699,2,1136,37.833
702,2,1138,37.9
700,3,1139,37.933
707,2,1140,37.966
702,1,1148,38.233000000000004
711,3,1149,38.266
716,3,1150,38.300000000000004
715,1,1150,38.300000000000004
714,3,1150,38.300000000000004
712,3,1152,38.366
718,3,1154,38.433
720,3,1160,38.633
721,1,1161,38.666000000000004
727,3,1166,38.833
738,3,1183,39.4
742,3,1187,39.533
744,3,1188,39.566
743,3,1188,39.566
741,3,1189,39.6
747,3,1192,39.7
749,3,1194,39.766
750,3,1195,39.800000000000004
540,2,1195,39.800000000000004
753,3,1208,40.233000000000004
756,3,1211,40.333
759,3,1213,40.4
764,3,1220,40.633
761,3,1220,40.633
765,3,1222,40.7
768,3,1223,40.733000000000004
540,1,1225,40.800000000000004
771,3,1227,40.866
772,3,1228,40.9
773,3,1229,40.933
775,3,1232,41.033
778,3,1233,41.066
779,3,1236,41.166000000000004
780,3,1239,41.266
781,3,1241,41.333
788,3,1254,41.766
787,3,1254,41.766
792,3,1267,42.2
796,3,1275,42.466
798,3,1278,42.566
801,3,1283,42.734
807,3,1287,42.867000000000004
808,3,1289,42.934
810,2,1293,43.067
814,3,1296,43.167
819,2,1309,43.6
819,1,1319,43.934
824,3,1321,44.0
826,3,1322,44.034
827,3,1326,44.167
829,3,1329,44.267
828,3,1329,44.267
830,3,1337,44.534
831,3,1338,44.567
835,3,1343,44.734
836,3,1344,44.767
834,3,1344,44.767
837,3,1350,44.967
838,2,1353,45.067
848,3,1369,45.6
850,3,1371,45.667
849,3,1371,45.667
853,3,1374,45.767
855,2,1375,45.800000000000004
855,1,1376,45.834
857,3,1377,45.867000000000004
856,1,1377,45.867000000000004
863,3,1381,46.0
866,3,1383,46.067
865,1,1383,46.067
869,3,1385,46.134
872,1,1389,46.267
871,3,1389,46.267
867,3,1389,46.267
864,3,1389,46.267
874,3,1392,46.367000000000004
880,3,1397,46.534
881,3,1399,46.6
883,2,1402,46.7
886,3,1403,46.734
889,3,1407,46.867000000000004
888,3,1407,46.867000000000004
892,3,1408,46.9
890,3,1408,46.9
887,3,1408,46.9
895,3,1414,47.1
893,3,1414,47.1
901,3,1420,47.300000000000004
904,3,1421,47.334
903,2,1421,47.334
906,2,1423,47.4
905,3,1423,47.4
912,1,1432,47.7
919,3,1437,47.867000000000004
925,3,1443,48.067
857,2,1443,48.067
920,3,1445,48.133
934,3,1448,48.233000000000004
937,3,1449,48.267
935,3,1452,48.367000000000004
944,3,1455,48.467
945,3,1459,48.6
947,3,1462,48.7
948,2,1464,48.767
953,2,1469,48.933
953,1,1473,49.067
961,3,1477,49.2
959,3,1477,49.2
955,3,1477,49.2
962,3,1481,49.333
969,3,1490,49.633
968,3,1491,49.667
972,3,1494,49.767
935,2,1494,49.767
973,3,1495,49.800000000000004
975,3,1496,49.833
976,3,1498,49.9
980,3,1500,49.967
979,3,1501,50.0
989,3,1512,50.367000000000004
986,3,1515,50.467
991,2,1517,50.533
993,3,1520,50.633
994,3,1521,50.667
998,3,1529,50.933
999,3,1530,50.967
1001,3,1532,51.033
1002,3,1533,51.067
991,1,1535,51.133
935,1,1535,51.133
1005,3,1538,51.233000000000004
1008,1,1542,51.367000000000004
1013,3,1546,51.5
1019,3,1549,51.6
1018,1,1549,51.6
1016,3,1549,51.6
1021,3,1551,51.667
1022,3,1553,51.733000000000004
1024,1,1554,51.767
1030,3,1558,51.9
1033,3,1559,51.933
1040,3,1564,52.1
1041,3,1566,52.167
1036,3,1566,52.167
1045,3,1569,52.267
1046,3,1571,52.333
1049,3,1573,52.4
1043,3,1573,52.4
1053,3,1576,52.5
1056,3,1579,52.6
1059,3,1580,52.633
1062,3,1587,52.867000000000004
1060,3,1587,52.867000000000004
1066,3,1590,52.967
1067,3,1592,53.033
920,2,1592,53.033
830,2,1593,53.067
1075,3,1605,53.466
1071,3,1605,53.466
1076,3,1607,53.533
1080,3,1611,53.666000000000004
1082,3,1613,53.733000000000004
1087,3,1614,53.766
1084,3,1614,53.766
1091,3,1619,53.933
1095,3,1620,53.966
1097,3,1623,54.066
1101,3,1627,54.2
1102,3,1628,54.233000000000004
1104,3,1629,54.266
1103,3,1629,54.266
1106,3,1631,54.333
1105,3,1635,54.466
1111,3,1639,54.6
830,1,1639,54.6
1114,3,1640,54.633
1115,3,1642,54.7
1117,3,1643,54.733000000000004
1123,3,1648,54.9
1126,3,1653,55.066
1124,3,1653,55.066
1130,1,1655,55.133
1132,3,1656,55.166000000000004
1133,3,1657,55.2
1129,3,1658,55.233000000000004
1135,1,1659,55.266
1137,3,1662,55.366
1136,3,1662,55.366
1140,3,1668,55.566
1138,3,1670,55.633
1141,3,1671,55.666000000000004
1145,3,1675,55.800000000000004
1146,3,1677,55.866
1148,3,1678,55.9
1147,3,1680,55.966
1153,3,1683,56.066
1152,3,1683,56.066
1156,3,1688,56.233000000000004
1155,3,1688,56.233000000000004
1161,3,1693,56.4
1159,3,1694,56.433
1166,3,1702,56.7
1168,3,1704,56.766
1170,3,1705,56.800000000000004
1172,3,1706,56.833
1166,2,1708,56.9
1175,3,1710,56.966
1178,3,1713,57.066
1179,3,1714,57.1
1181,3,1716,57.166000000000004
1177,3,1717,57.2
1187,3,1731,57.666000000000004
1185,3,1731,57.666000000000004
1192,3,1735,57.800000000000004
1193,3,1737,57.866
1196,3,1739,57.933
1197,3,1740,57.966
1200,3,1742,58.033
1199,3,1742,58.033
1202,3,1744,58.1
1198,2,1744,58.1
1204,3,1746,58.166000000000004
1203,3,1747,58.2
1206,3,1748,58.233000000000004
1208,3,1752,58.366
1209,1,1753,58.4
1215,3,1760,58.633
1223,3,1767,58.867000000000004
1230,3,1779,59.267
1236,3,1789,59.6
1242,3,1793,59.734
1245,3,1797,59.867000000000004
1249,3,1800,59.967
1250,3,1802,60.034
1253,3,1807,60.2
1257,3,1809,60.267
1256,3,1809,60.267
1259,3,1815,60.467
1263,3,1816,60.5
1236,2,1816,60.5
1264,3,1817,60.534
1267,3,1820,60.634
1277,3,1826,60.834
1273,3,1826,60.834
1278,2,1829,60.934000000000005
1276,3,1832,61.034
1284,3,1833,61.067
1286,3,1841,61.334
1291,3,1843,61.4
1293,3,1844,61.434000000000005
1292,3,1845,61.467
1296,3,1849,61.6
1299,2,1852,61.7
1297,3,1852,61.7
1295,3,1852,61.7
1302,3,1854,61.767
1301,3,1856,61.834
1305,3,1857,61.867000000000004
1308,1,1858,61.9
1307,3,1858,61.9
1314,3,1868,62.234
1317,3,1878,62.567
1321,3,1879,62.6
1322,3,1881,62.667
1324,3,1887,62.867000000000004
1325,3,1890,62.967
1328,3,1897,63.2
1327,3,1897,63.2
1331,3,1902,63.367000000000004
1336,3,1908,63.567
1338,3,1909,63.6
1337,3,1909,63.6
1341,3,1912,63.7
1339,3,1912,63.7
1345,3,1916,63.834
1350,3,1924,64.1
1351,3,1925,64.133
1349,3,1925,64.133
1352,3,1926,64.167
1355,2,1928,64.233
1357,3,1932,64.367
1358,3,1933,64.4
1360,3,1935,64.467
1361,3,1936,64.5
1362,3,1937,64.533
1368,3,1942,64.7
1367,3,1943,64.733
1369,3,1944,64.767
1373,2,1952,65.033
1378,3,1956,65.167
1382,3,1965,65.467
1385,3,1967,65.533
1386,3,1969,65.6
1389,2,1972,65.7
1392,2,1975,65.8
1393,3,1976,65.833
1399,3,1983,66.067
1403,3,1986,66.167
1407,2,1993,66.4
1408,3,1994,66.433
1410,3,1998,66.567
1411,3,2001,66.667
1415,3,2003,66.733
1421,3,2008,66.9
1420,3,2008,66.9
1416,3,2008,66.9
1426,3,2014,67.1
1407,1,2014,67.1
1427,3,2016,67.167
1430,1,2019,67.267
1432,3,2024,67.433
1438,3,2027,67.533
1443,1,2034,67.767
1441,3,2034,67.767
1445,3,2039,67.933
1444,3,2042,68.033
1447,3,2044,68.1
1457,3,2048,68.233
1455,3,2049,68.267
1453,3,2050,68.3
1456,3,2051,68.333
1358,2,2053,68.4
1460,3,2054,68.433
1461,3,2055,68.467
1462,3,2056,68.5
1465,3,2059,68.60000000000001
1467,3,2060,68.633
1468,3,2062,68.7
1473,3,2065,68.8
1472,3,2065,68.8
1477,3,2070,68.967
1475,3,2070,68.967
1484,3,2074,69.10000000000001
1483,3,2074,69.10000000000001
1482,3,2074,69.10000000000001
1479,3,2076,69.167
1488,3,2079,69.267
1489,3,2080,69.3
1494,3,2081,69.333
1491,3,2081,69.333
1490,3,2082,69.366
1498,3,2085,69.46600000000001
1501,3,2091,69.666
1502,3,2092,69.7
1505,3,2093,69.733
1504,3,2093,69.733
1506,3,2094,69.766
1499,3,2096,69.833
1358,1,2104,70.10000000000001
1511,3,2106,70.166
1514,3,2107,70.2
1518,3,2108,70.233
1519,3,2109,70.266
1520,3,2110,70.3
1523,3,2111,70.333
1524,3,2113,70.4
1529,3,2117,70.533
1525,3,2117,70.533
1530,3,2118,70.566
1531,3,2120,70.633
1532,1,2121,70.666
1534,3,2122,70.7
1536,3,2123,70.733
1538,3,2124,70.766
1539,3,2126,70.833
1541,3,2128,70.9
1540,3,2128,70.9
1545,3,2133,71.066
1543,3,2135,71.133
1548,3,2137,71.2
1547,3,2137,71.2
1549,3,2138,71.233
1553,3,2142,71.366
1552,3,2142,71.366
1498,2,2142,71.366
1554,3,2144,71.433
1555,3,2150,71.633
1558,3,2152,71.7
1560,3,2156,71.833
1565,3,2161,72.0
1567,3,2163,72.066
1566,3,2163,72.066
1570,3,2167,72.2
1575,2,2169,72.266
1571,1,2169,72.266
1572,3,2172,72.366
1579,2,2175,72.46600000000001
1578,3,2175,72.46600000000001
1580,1,2179,72.60000000000001
1581,1,2180,72.633
1576,3,2180,72.633
1582,3,2183,72.733
1585,3,2188,72.9
1592,3,2195,73.133
1589,3,2196,73.166
1597,3,2200,73.3
1599,3,2203,73.4
1600,3,2206,73.5
1605,3,2215,73.8
1615,3,2226,74.166
1614,3,2227,74.2
1616,3,2228,74.233
1617,3,2230,74.3
1614,2,2232,74.366
1619,2,2234,74.433
1621,3,2244,74.767
1623,3,2245,74.8
1628,3,2254,75.10000000000001
1632,3,2265,75.467
1634,3,2266,75.5
1619,1,2267,75.534
1635,3,2271,75.667
1637,3,2274,75.767
1638,1,2275,75.8
1642,3,2283,76.067
1644,3,2284,76.10000000000001
1641,3,2284,76.10000000000001
1645,2,2295,76.467
1650,3,2306,76.834
1655,3,2315,77.134
1654,3,2315,77.134
1657,3,2319,77.267
1656,2,2319,77.267
1656,1,2321,77.334
1645,1,2322,77.367
1658,3,2324,77.434
1659,3,2330,77.634
1660,1,2331,77.667
1661,3,2333,77.734
1664,3,2342,78.034
1666,3,2344,78.10000000000001
1499,2,2358,78.567
1668,3,2366,78.834
1499,1,2380,79.3
1671,3,2385,79.467
1672,3,2386,79.5
1674,1,2393,79.734
1675,3,2402,80.033
1680,3,2416,80.5
1681,3,2417,80.533
1684,3,2421,80.667
1687,3,2426,80.833
1686,3,2426,80.833
1693,3,2441,81.333
1692,3,2441,81.333
1691,3,2441,81.333
1696,3,2451,81.667
1699,3,2464,82.10000000000001
1692,2,2464,82.10000000000001
1705,3,2470,82.3
1709,3,2480,82.633
1692,1,2483,82.733
1714,3,2485,82.8
1717,3,2493,83.067
1718,3,2497,83.2
1719,3,2498,83.233
1720,3,2499,83.267
1722,3,2506,83.5
1661,2,2511,83.667
1726,3,2517,83.867
1728,3,2522,84.033
1733,3,2524,84.10000000000001
1730,3,2524,84.10000000000001
1734,2,2527,84.2
1729,3,2527,84.2
1735,3,2528,84.233
1734,1,2528,84.233
1738,3,2536,84.5
1741,3,2539,84.60000000000001
1743,3,2551,85.0
1744,3,2552,85.033
1746,3,2558,85.233
1748,3,2564,85.433
1752,3,2567,85.533
1755,3,2570,85.633
1753,3,2570,85.633
1758,3,2574,85.766
1759,3,2578,85.9
1760,3,2579,85.933
1762,3,2583,86.066
1763,3,2588,86.233
1765,3,2594,86.433
1767,3,2596,86.5
1777,3,2627,87.533
1780,3,2632,87.7
1779,3,2632,87.7
1783,3,2636,87.833
1785,3,2645,88.133
1787,3,2647,88.2
1796,3,2665,88.8
1763,2,2682,89.366
1805,2,2688,89.566
1807,2,2692,89.7
1809,3,2696,89.833
1787,2,2697,89.866
1810,3,2698,89.9
1807,1,2701,90.0
1812,2,2713,90.4
1821,2,2731,91.0
1822,3,2739,91.267
1824,3,2747,91.534
1827,3,2763,92.067
1829,3,2770,92.3
1830,3,2774,92.434
1833,3,2781,92.667
1834,3,2784,92.767
1830,2,2811,93.667
1836,3,2814,93.767
1839,3,2824,94.10000000000001
1844,3,2834,94.434
1853,3,2858,95.23400000000001
1854,3,2860,95.3
1857,3,2874,95.767
1860,3,2876,95.834
1861,3,2883,96.067
1871,3,2896,96.5
1870,3,2897,96.533
1873,3,2909,96.933
1875,3,2916,97.167
1876,3,2918,97.233
1834,2,2927,97.533
1882,3,2937,97.867
1876,2,2944,98.10000000000001
1885,3,2950,98.3
1886,3,2952,98.367
1888,2,2957,98.533
1895,3,2972,99.033
1897,3,2975,99.133
1900,3,2989,99.60000000000001
1875,2,2994,99.767
1902,3,2999,99.933
1904,2,3006,100.167
1905,3,3010,100.3
1908,3,3022,100.7
1911,3,3026,100.833
1910,3,3026,100.833
1913,3,3035,101.133
1915,3,3041,101.333
1916,3,3043,101.4
1917,3,3046,101.5
1919,3,3063,102.066
1922,3,3067,102.2
1916,2,3067,102.2
1926,3,3075,102.46600000000001
1927,3,3077,102.533
1928,3,3078,102.566
1931,3,3079,102.60000000000001
1934,3,3085,102.8
1935,3,3087,102.866
1939,3,3097,103.2
1941,3,3102,103.366
1934,2,3102,103.366
1942,3,3103,103.4
1943,3,3104,103.433
1945,3,3108,103.566
1948,3,3111,103.666
1934,1,3111,103.666
1952,3,3124,104.10000000000001
1954,3,3127,104.2
1953,3,3128,104.233
1956,3,3144,104.766
1957,3,3147,104.866
1958,3,3150,104.96600000000001
1960,3,3157,105.2
1964,3,3168,105.566
1965,3,3171,105.666
1965,2,3177,105.866
1968,3,3179,105.933
1967,2,3179,105.933
1926,2,3179,105.933
1970,3,3181,106.0
1972,3,3185,106.133
1967,1,3188,106.233
1975,1,3195,106.46600000000001
1983,3,3205,106.8
1988,3,3213,107.067
1991,3,3220,107.3
1993,3,3229,107.60000000000001
1994,3,3235,107.8
1998,3,3238,107.9
1997,3,3242,108.034
2002,3,3248,108.23400000000001
2007,3,3269,108.934
2006,3,3270,108.967
2008,3,3274,109.10000000000001
1956,2,3275,109.134
2010,3,3278,109.23400000000001
2013,3,3285,109.467
1956,1,3285,109.467
2014,3,3286,109.5
2015,3,3288,109.567
2016,3,3289,109.60000000000001
2017,3,3294,109.767
2022,3,3304,110.10000000000001
2016,2,3315,110.467
2032,3,3317,110.534
2030,3,3317,110.534
2037,3,3320,110.634
2036,3,3326,110.834
2041,3,3332,111.034
1988,2,3340,111.3
2044,2,3343,111.4
2048,1,3350,111.634
2046,3,3351,111.667
2050,3,3353,111.73400000000001
2056,3,3367,112.2
2058,3,3368,112.233
2057,3,3368,112.233
2054,3,3368,112.233
2062,3,3375,112.467
2061,3,3377,112.533
2063,3,3396,113.167
2072,3,3416,113.833
2075,3,3417,113.867
2073,3,3417,113.867
2079,3,3424,114.10000000000001
2077,3,3424,114.10000000000001
2080,3,3427,114.2
2081,3,3429,114.267
2086,3,3442,114.7
2087,3,3444,114.767
2089,3,3446,114.833
2089,2,3451,115.0
2093,3,3454,115.10000000000001
2094,3,3456,115.167
2086,2,3460,115.3
2096,3,3466,115.5
2099,2,3475,115.8
2103,3,3478,115.9
2099,1,3479,115.933
2105,1,3483,116.067
2107,3,3486,116.167
2110,3,3489,116.267
2111,3,3491,116.333
2113,3,3493,116.4
2114,3,3506,116.833
2115,3,3507,116.867
2117,3,3508,116.9
2118,3,3512,117.033
2118,2,3513,117.067
2117,2,3513,117.067
2120,3,3515,117.133
2121,1,3522,117.366
2118,1,3523,117.4
2123,3,3524,117.433
2122,3,3526,117.5
2126,1,3529,117.60000000000001
2131,3,3540,117.96600000000001
2135,3,3559,118.60000000000001
2137,3,3562,118.7
2093,2,3563,118.733
2093,1,3573,119.066
2143,3,3581,119.333
2137,2,3585,119.46600000000001
2145,3,3590,119.633
2146,3,3600,119.96600000000001
2147,3,3611,120.333
2150,3,3616,120.5
2151,3,3618,120.566
2152,3,3622,120.7
2152,2,3631,121.0
2155,3,3637,121.2
2152,1,3640,121.3
2159,3,3648,121.566
2158,1,3648,121.566
2151,2,3661,122.0
2161,3,3662,122.033
2162,3,3679,122.60000000000001
2166,3,3698,123.23400000000001
2170,3,3717,123.867
2171,3,3723,124.067
2172,3,3730,124.3
2174,3,3734,124.434
2173,3,3738,124.567
2177,3,3753,125.067
2180,3,3761,125.334
2177,2,3762,125.367
2182,3,3769,125.60000000000001
2181,3,3769,125.60000000000001
2185,3,3789,126.267
2187,3,3798,126.567
2188,3,3808,126.9
2189,3,3814,127.10000000000001
2191,3,3838,127.9
2192,3,3849,128.267
2193,3,3862,128.7
2197,3,3874,129.1
2198,3,3879,129.267
2199,3,3881,129.333
2201,3,3884,129.433
2205,3,3886,129.5
2204,3,3886,129.5
2213,3,3900,129.967
2214,3,3901,130.0
2216,3,3904,130.1
2217,3,3905,130.133
2224,3,3915,130.467
2226,3,3916,130.5
2222,3,3918,130.567
2182,2,3921,130.667
2230,2,3923,130.733
2227,3,3923,130.733
2231,3,3925,130.8
2234,1,3930,130.967
2231,2,3938,131.233
2238,3,3940,131.3
2240,3,3944,131.433
2241,3,3949,131.6
2244,3,3958,131.9
2245,3,3962,132.03300000000002
2247,3,3963,132.067
2251,3,3967,132.2
2192,2,3969,132.267
2192,1,3977,132.53300000000002
2257,3,3979,132.6
2262,3,3998,133.233
2264,3,4005,133.466
2266,3,4010,133.633
2268,3,4012,133.7
2269,3,4021,134.0
2270,3,4023,134.066
2276,3,4036,134.5
2277,3,4038,134.566
2275,3,4038,134.566
2278,3,4044,134.766
2279,3,4045,134.8
2280,3,4046,134.833
2282,3,4050,134.966
2283,3,4052,135.03300000000002
2278,2,4056,135.166
2286,3,4057,135.2
2288,3,4059,135.266
2287,3,4059,135.266
2290,3,4065,135.466
2292,3,4069,135.6
2291,3,4070,135.633
2294,2,4074,135.766
2298,3,4079,135.933
2297,3,4080,135.966
2303,3,4086,136.166
2278,1,4100,136.633
2309,3,4102,136.70000000000002
2311,3,4103,136.733
2312,3,4106,136.833
2315,3,4108,136.9
2316,1,4110,136.966
2323,3,4119,137.266
2324,3,4121,137.333
2325,3,4122,137.366
2328,3,4124,137.433
2327,3,4124,137.433
2329,3,4131,137.666
2335,3,4136,137.833
2332,3,4136,137.833
2336,3,4137,137.866
2334,3,4137,137.866
2337,3,4139,137.933
2341,3,4143,138.066
2344,3,4149,138.266
2345,3,4150,138.3
2346,3,4153,138.4
2348,3,4154,138.433
2353,3,4157,138.53300000000002
2349,3,4157,138.53300000000002
2329,2,4162,138.70000000000002
2358,3,4166,138.834
2362,3,4169,138.934
2329,1,4174,139.1
2367,3,4177,139.20000000000002
2371,1,4181,139.334
2370,3,4181,139.334
2374,3,4182,139.367
2375,3,4184,139.434
2291,2,4187,139.534
2377,3,4189,139.6
2379,3,4192,139.70000000000002
2381,3,4194,139.767
2382,3,4198,139.9
2291,1,4199,139.934
2388,3,4201,140.0
2391,3,4204,140.1
2386,3,4204,140.1
2393,3,4205,140.134
2392,1,4205,140.134
2394,3,4207,140.20000000000002
2403,3,4225,140.8
2402,3,4225,140.8
2400,3,4225,140.8
2406,3,4232,141.034
2407,3,4233,141.067
2409,3,4235,141.134
2406,2,4237,141.20000000000002
2408,3,4238,141.234
2416,3,4242,141.367
2418,2,4243,141.4
2422,3,4247,141.534
2418,1,4249,141.6
2425,3,4254,141.767
2423,3,4255,141.8
2431,3,4260,141.967
2433,3,4262,142.034
2437,3,4266,142.167
2441,3,4267,142.20000000000002
2440,3,4267,142.20000000000002
2437,2,4267,142.20000000000002
2444,3,4272,142.367
2446,3,4273,142.4
2454,3,4278,142.567
2453,3,4279,142.6
2437,1,4279,142.6
2460,3,4286,142.834
2459,3,4286,142.834
2470,3,4301,143.334
2472,3,4303,143.4
2375,2,4304,143.434
2476,3,4308,143.567
2477,3,4313,143.734
2480,3,4314,143.767
2375,1,4316,143.834
2483,3,4323,144.067
2393,2,4340,144.633
2495,3,4343,144.733
2499,3,4350,144.967
2393,1,4351,145.0
2505,3,4359,145.267
2508,3,4367,145.53300000000002
2512,3,4369,145.6
2514,3,4370,145.633
2518,3,4379,145.933
2520,3,4381,146.0
2519,3,4381,146.0
2524,3,4386,146.167
2528,3,4394,146.433
2526,3,4394,146.433
2527,3,4395,146.467
2531,3,4398,146.567
2536,3,4409,146.933
2538,3,4412,147.03300000000002
2542,3,4415,147.133
2543,3,4416,147.167
2545,3,4422,147.367
2548,3,4423,147.4
2550,3,4427,147.53300000000002
2554,3,4429,147.6
2561,3,4435,147.8
2567,3,4446,148.167
2572,3,4448,148.233
2572,2,4450,148.3
2577,3,4457,148.53300000000002
2579,3,4464,148.767
2580,3,4466,148.833
2581,3,4470,148.967
2582,3,4471,149.0
2585,3,4475,149.133
2586,3,4477,149.20000000000002
2587,3,4479,149.267
2591,3,4483,149.4
2595,3,4487,149.53300000000002
2599,3,4491,149.666
2598,3,4491,149.666
2597,3,4492,149.70000000000002
2607,3,4496,149.833
2609,3,4502,150.03300000000002
2614,3,4505,150.133
2615,3,4508,150.233
2617,3,4511,150.333
2618,3,4513,150.4
2621,3,4515,150.466
2620,3,4515,150.466
2619,3,4515,150.466
2622,3,4516,150.5
2623,3,4518,150.566
2624,3,4523,150.733
2625,3,4528,150.9
2626,3,4531,151.0
2627,3,4532,151.03300000000002
2630,3,4536,151.166
2636,3,4548,151.566
2637,3,4549,151.6
2638,3,4555,151.8
2639,3,4557,151.866
2642,3,4560,151.966
2640,3,4560,151.966
2645,3,4563,152.066
2648,3,4569,152.266
2653,3,4574,152.433
2654,3,4577,152.53300000000002
2656,3,4584,152.766
2655,3,4586,152.833
2659,3,4589,152.933
2657,3,4589,152.933
2658,3,4591,153.0
2664,3,4598,153.233
2663,3,4598,153.233
2666,3,4603,153.4
2674,3,4625,154.133
2672,3,4625,154.133
2673,3,4626,154.166
2677,3,4634,154.433
2680,3,4637,154.53300000000002
2682,3,4641,154.667
2692,3,4647,154.867
2687,3,4649,154.934
2694,3,4652,155.034
2696,3,4653,155.067
2701,3,4658,155.234
2640,2,4668,155.567
2711,3,4670,155.634
2712,3,4672,155.70000000000002
2720,3,4677,155.867
2714,3,4677,155.867
2640,1,4678,155.9
2692,2,4680,155.967
2721,3,4682,156.034
2723,3,4683,156.067
2726,3,4686,156.167
2728,3,4691,156.334
2731,3,4697,156.534
2737,3,4705,156.8
2743,3,4712,157.034
2746,3,4717,157.20000000000002
2746,2,4719,157.267
2748,3,4720,157.3
2749,3,4721,157.334
2752,3,4726,157.5
2753,2,4729,157.6
2753,1,4730,157.634
2754,1,4735,157.8
2756,3,4738,157.9
2757,3,4739,157.934
2759,3,4740,157.967
2760,3,4745,158.134
2764,3,4749,158.267
2762,3,4753,158.4
2770,3,4758,158.567
2776,3,4762,158.70000000000002
2778,3,4764,158.767
2781,3,4766,158.834
2663,2,4768,158.9
2784,2,4770,158.967
2789,3,4771,159.0
2797,3,4779,159.267
2798,3,4780,159.3
2800,3,4782,159.367
2802,3,4784,159.434
2805,3,4787,159.534
2802,2,4791,159.667
2808,3,4792,159.70000000000002
2811,3,4793,159.734
2813,3,4794,159.767
2812,3,4794,159.767
2816,3,4798,159.9
2818,3,4799,159.934
2817,3,4799,159.934
2802,1,4804,160.1
2824,3,4805,160.133
2828,3,4810,160.3
2831,3,4816,160.5
2838,3,4818,160.567
2837,3,4818,160.567
2844,3,4824,160.767
2843,3,4825,160.8
2737,2,4825,160.8
2846,3,4828,160.9
2842,3,4828,160.9
2850,3,4830,160.967
2851,3,4832,161.03300000000002
2854,3,4837,161.20000000000002
2737,1,4837,161.20000000000002
2856,3,4839,161.267
2859,3,4842,161.367
2858,3,4842,161.367
2861,3,4846,161.5
2862,3,4847,161.53300000000002
2864,3,4849,161.6
2866,3,4850,161.633
2873,3,4852,161.70000000000002
2869,3,4852,161.70000000000002
2877,3,4855,161.8
2880,3,4857,161.867
2885,3,4860,161.967
2884,3,4860,161.967
2883,3,4860,161.967
2882,3,4860,161.967
2881,3,4861,162.0
2887,3,4863,162.067
2890,3,4867,162.20000000000002
2892,3,4873,162.4
2893,3,4875,162.467
2894,3,4876,162.5
2897,3,4879,162.6
2896,3,4879,162.6
2899,3,4880,162.633
2904,3,4884,162.767
2907,3,4885,162.8
2905,3,4885,162.8
2902,3,4886,162.833
2906,3,4888,162.9
2912,3,4891,163.0
2910,3,4891,163.0
2921,3,4897,163.20000000000002
2918,3,4897,163.20000000000002
2925,3,4903,163.4
2926,3,4904,163.433
2928,3,4905,163.467
2930,3,4912,163.70000000000002
2936,3,4913,163.733
2935,3,4913,163.733
2939,3,4916,163.833
2938,3,4919,163.933
2942,3,4920,163.967
2943,3,4921,164.0
2943,2,4922,164.03300000000002
2940,3,4922,164.03300000000002
2944,3,4923,164.067
2943,1,4930,164.3
2951,3,4935,164.467
2948,3,4935,164.467
2954,3,4936,164.5
2957,3,4937,164.53300000000002
2955,3,4938,164.567
2962,3,4946,164.833
2964,3,4948,164.9
2961,3,4948,164.9
2970,3,4964,165.433
2974,3,4966,165.5
2978,3,4975,165.8
2977,3,4975,165.8
2979,3,4978,165.9
2981,3,4979,165.933
2980,3,4979,165.933
2984,3,4985,166.133
2983,3,4985,166.133
2986,3,4992,166.366
2987,3,4994,166.433
2989,3,4995,166.466
2988,3,4995,166.466
2993,3,4999,166.6
2992,3,5000,166.633
2987,2,5001,166.666
2999,3,5004,166.766
3000,3,5007,166.866
2987,1,5011,167.0
3006,3,5012,167.03300000000002
3003,3,5012,167.03300000000002
3009,3,5019,167.266
3016,3,5033,167.733
3019,3,5040,167.966
3021,3,5044,168.1
3025,3,5050,168.3
3027,3,5052,168.366
3028,3,5054,168.433
3034,3,5062,168.70000000000002
3032,3,5062,168.70000000000002
3031,3,5065,168.8
3039,3,5068,168.9
3042,3,5073,169.066
3044,3,5076,169.166
3045,3,5077,169.20000000000002
3047,3,5078,169.233
3048,3,5081,169.333
2978,2,5081,169.333
3053,3,5084,169.433
3054,3,5086,169.5
3056,3,5088,169.566
3050,3,5088,169.566
3061,3,5090,169.633
3062,3,5092,169.70000000000002
2978,1,5092,169.70000000000002
3064,3,5093,169.733
3068,3,5095,169.8
3069,3,5096,169.833
3065,3,5096,169.833
3070,3,5097,169.866
3072,3,5099,169.933
3067,3,5100,169.966
3073,3,5101,170.0
3076,3,5104,170.1
3081,3,5107,170.20000000000002
3083,3,5110,170.3
3086,3,5112,170.366
3056,2,5114,170.433
3090,3,5117,170.53300000000002
3089,3,5117,170.53300000000002
3092,2,5118,170.566
3091,3,5118,170.566
3093,3,5119,170.6
3097,3,5121,170.667
3094,3,5121,170.667
3098,3,5123,170.734
3102,3,5124,170.767
3101,3,5124,170.767
3099,3,5124,170.767
3105,3,5127,170.867
3092,1,5127,170.867
3111,1,5134,171.1
3113,3,5136,171.167
3112,3,5136,171.167
3120,3,5141,171.334
3118,3,5141,171.334
3123,3,5143,171.4
3121,3,5143,171.4
3119,3,5143,171.4
3127,3,5150,171.634
3132,3,5152,171.70000000000002
3133,3,5153,171.734
3134,3,5155,171.8
3137,3,5162,172.034
3143,3,5171,172.334
3149,3,5178,172.567
3127,2,5178,172.567
3150,3,5182,172.70000000000002
3154,3,5187,172.867
3127,1,5188,172.9
3156,3,5190,172.967
3159,3,5192,173.034
3160,1,5193,173.067
3162,3,5196,173.167
3173,3,5204,173.434
3174,3,5205,173.467
3176,3,5208,173.567
3178,3,5209,173.6
3180,3,5219,173.934
3177,3,5220,173.967
3184,3,5225,174.134
3181,3,5225,174.134
3188,3,5230,174.3
3187,3,5230,174.3
3189,3,5231,174.334
3186,3,5231,174.334
3191,3,5232,174.367
3190,3,5233,174.4
3194,3,5237,174.534
3193,3,5238,174.567
3195,3,5239,174.6
3196,3,5240,174.634
3199,3,5242,174.70000000000002
3200,3,5246,174.834
3202,3,5247,174.867
3203,3,5250,174.967
3206,3,5255,175.134
3207,3,5256,175.167
3210,3,5258,175.234
3212,3,5261,175.334
3217,3,5266,175.5
3222,3,5273,175.734
3223,3,5274,175.767
3225,3,5279,175.934
3227,3,5281,176.0
3228,3,5282,176.03300000000002
3231,3,5289,176.267
3237,3,5296,176.5
3239,3,5297,176.53300000000002
3238,3,5301,176.667
3246,3,5307,176.867
3245,3,5308,176.9
3251,3,5314,177.1
3260,3,5324,177.433
3262,3,5325,177.467
3263,3,5326,177.5
3238,2,5327,177.53300000000002
3269,2,5332,177.70000000000002
3272,3,5334,177.767
3275,3,5336,177.833
3276,3,5340,177.967
3269,1,5345,178.133
3280,3,5348,178.233
3277,3,5348,178.233
3282,3,5354,178.433
3285,1,5355,178.467
3288,3,5358,178.567
3287,3,5358,178.567
3284,3,5361,178.667
3290,1,5362,178.70000000000002
3292,3,5364,178.767
3294,3,5365,178.8
3297,3,5369,178.933
3299,3,5370,178.967
3305,3,5374,179.1
3304,3,5376,179.167
3309,3,5379,179.267
3314,3,5382,179.367
3313,3,5382,179.367
3312,3,5382,179.367
3315,3,5383,179.4
3318,3,5385,179.467
3319,3,5388,179.567
3321,3,5390,179.633
3323,3,5395,179.8
3322,3,5395,179.8
3326,3,5396,179.833
3325,3,5396,179.833
3328,3,5397,179.867
3326,2,5400,179.967
3332,3,5405,180.133
3334,3,5408,180.233
3335,2,5409,180.267
3336,3,5410,180.3
3341,3,5413,180.4
3335,1,5413,180.4
3326,1,5413,180.4
3342,3,5416,180.5
3345,3,5420,180.633
3348,3,5426,180.833
3351,3,5427,180.867
3353,3,5429,180.933
3354,3,5430,180.967
3356,3,5433,181.067
3357,3,5435,181.133
3362,3,5439,181.267
3365,3,5440,181.3
3366,3,5441,181.333
3368,3,5443,181.4
3370,3,5445,181.466
3372,3,5448,181.566
3375,3,5449,181.6
3374,3,5449,181.6
3376,3,5450,181.633
3389,3,5460,181.966
3388,3,5461,182.0
3386,3,5461,182.0
3392,3,5462,182.03300000000002
3389,2,5464,182.1
3394,3,5465,182.133
3398,3,5468,182.233
3400,2,5471,182.333
3401,3,5472,182.366
3402,3,5473,182.4
3400,1,5477,182.53300000000002
3389,1,5477,182.53300000000002
3408,3,5491,183.0
3410,3,5493,183.066
3409,3,5493,183.066
3415,3,5499,183.266
3416,3,5500,183.3
3418,3,5501,183.333
3421,3,5504,183.433
3424,3,5506,183.5
3423,3,5507,183.53300000000002
3426,3,5508,183.566
3422,3,5508,183.566
3427,3,5510,183.633
3428,3,5512,183.70000000000002
3435,3,5518,183.9
3438,2,5520,183.966
3437,3,5521,184.0
3436,3,5522,184.03300000000002
3441,2,5525,184.133
3439,3,5525,184.133
3447,3,5532,184.366
3441,1,5533,184.4
3438,1,5535,184.466
3449,3,5537,184.53300000000002
3451,3,5538,184.566
3452,3,5539,184.6
3450,3,5539,184.6
3455,3,5544,184.766
3456,3,5546,184.833
3458,3,5547,184.866
3457,3,5547,184.866
3462,3,5556,185.166
3464,3,5560,185.3
3457,2,5561,185.333
3466,3,5562,185.366
3475,2,5569,185.6
3474,3,5570,185.633
3471,3,5571,185.666
3470,3,5571,185.666
3472,3,5572,185.70000000000002
3479,2,5574,185.766
3479,1,5575,185.8
3484,3,5578,185.9
3485,1,5579,185.933
3482,3,5579,185.933
3487,3,5580,185.966
3488,3,5581,186.0
3490,3,5582,186.03300000000002
3491,3,5584,186.1
3489,3,5585,186.133
3504,3,5599,186.6
3507,3,5601,186.667
3508,3,5602,186.70000000000002
3510,3,5604,186.767
3518,3,5606,186.834
3516,3,5606,186.834
3522,3,5609,186.934
3521,3,5609,186.934
3524,3,5610,186.967
3515,3,5610,186.967
3527,3,5613,187.067
3526,3,5613,187.067
3529,3,5615,187.134
3532,3,5619,187.267
3535,3,5620,187.3
3536,3,5621,187.334
3533,3,5623,187.4
3540,3,5626,187.5
3545,3,5631,187.667
3546,2,5633,187.734
3549,3,5634,187.767
3557,3,5641,188.0
3556,3,5641,188.0
3546,1,5642,188.034
3561,3,5643,188.067
3564,3,5646,188.167
3565,3,5647,188.20000000000002
3566,3,5649,188.267
3569,1,5650,188.3
3572,3,5653,188.4
3575,3,5654,188.434
3576,3,5655,188.467
3579,3,5657,188.534
3577,3,5657,188.534
3584,3,5660,188.634
3583,3,5660,188.634
3582,3,5660,188.634
3589,3,5669,188.934
3592,3,5675,189.134
3575,2,5676,189.167
3594,3,5678,189.234
3596,3,5679,189.267
3597,3,5680,189.3
3599,3,5681,189.334
3601,3,5683,189.4
3604,3,5685,189.467
3575,1,5687,189.534
3607,3,5692,189.70000000000002
3611,3,5696,189.834
3615,3,5699,189.934
3616,3,5700,189.967
3620,3,5702,190.034
3623,3,5705,190.134
3626,3,5709,190.267
3633,3,5714,190.434
3635,3,5715,190.467
3632,3,5715,190.467
3639,3,5721,190.667
3637,3,5724,190.767
3644,3,5728,190.9
3638,3,5728,190.9
3642,3,5729,190.934
3646,3,5732,191.034
3650,3,5736,191.167
3649,3,5736,191.167
3653,3,5739,191.267
3642,2,5739,191.267
3659,3,5747,191.534
3661,3,5749,191.6
3642,1,5750,191.634
3666,3,5753,191.734
3665,3,5753,191.734
3669,3,5755,191.8
3668,3,5755,191.8
3667,3,5756,191.834
3672,3,5758,191.9
3673,3,5759,191.934
3670,1,5760,191.967
3675,3,5762,192.03300000000002
3677,3,5763,192.067
3680,3,5769,192.267
3682,3,5773,192.4
3683,3,5774,192.433
3687,3,5778,192.567
3689,3,5779,192.6
3688,3,5779,192.6
3691,3,5780,192.633
3690,3,5780,192.633
3694,3,5783,192.733
3695,3,5788,192.9
3696,3,5790,192.967
3700,3,5793,193.067
3702,3,5794,193.1
3701,3,5794,193.1
3704,3,5795,193.133
3706,3,5797,193.20000000000002
3708,3,5798,193.233
3712,3,5801,193.333
3709,3,5801,193.333
3715,3,5804,193.433
3716,3,5805,193.467
3719,3,5808,193.567
3718,3,5808,193.567
3721,3,5811,193.667
3724,3,5812,193.70000000000002
3723,3,5812,193.70000000000002
3725,3,5815,193.8
3729,3,5822,194.03300000000002
3730,3,5823,194.067
3734,3,5824,194.1
3733,3,5824,194.1
3737,3,5825,194.133
3745,3,5836,194.5
3747,3,5837,194.53300000000002
3750,3,5839,194.6
3751,3,5841,194.667
3757,3,5845,194.8
3756,3,5845,194.8
3758,3,5846,194.833
3755,3,5847,194.867
3653,2,5847,194.867
3760,3,5849,194.933
3761,3,5852,195.03300000000002
3768,3,5853,195.067
3767,3,5853,195.067
3769,3,5857,195.20000000000002
3653,1,5858,195.233
3772,1,5859,195.267
3771,3,5859,195.267
3775,3,5861,195.333
3780,3,5865,195.467
3779,3,5867,195.53300000000002
3785,3,5872,195.70000000000002
3784,3,5872,195.70000000000002
3787,3,5874,195.767
3789,3,5878,195.9
3796,3,5881,196.0
3802,3,5883,196.067
3804,3,5884,196.1
3808,3,5885,196.133
3809,3,5886,196.167
3818,3,5893,196.4
3819,3,5896,196.5
3825,3,5898,196.567
3816,3,5899,196.6
3706,2,5900,196.633
3827,3,5901,196.667
3835,3,5904,196.767
3834,3,5904,196.767
3844,3,5910,196.967
3842,3,5910,196.967
3706,1,5912,197.03300000000002
3854,3,5918,197.233
3852,3,5918,197.233
3856,3,5920,197.3
3857,3,5921,197.333
3861,3,5922,197.366
3862,3,5923,197.4
3863,3,5924,197.433
3864,3,5927,197.53300000000002
3867,3,5930,197.633
3871,3,5932,197.70000000000002
3870,3,5932,197.70000000000002
3872,3,5934,197.766
3872,2,5936,197.833
3876,3,5938,197.9
3879,3,5939,197.933
3877,3,5940,197.966
3884,3,5941,198.0
3894,3,5947,198.20000000000002
3893,3,5947,198.20000000000002
3896,3,5948,198.233
3872,1,5948,198.233
3897,3,5950,198.3
3903,3,5958,198.566
3905,3,5960,198.633
3912,3,5962,198.70000000000002
3909,3,5962,198.70000000000002
3916,3,5967,198.866
3914,3,5970,198.966
3922,3,5973,199.066
3923,3,5975,199.133
3926,3,5976,199.166
3929,3,5978,199.233
3932,3,5981,199.333
3928,3,5981,199.333
3934,3,5985,199.466
3938,3,5988,199.566
3940,3,5989,199.6
3941,3,5990,199.633
3935,3,5990,199.633
3942,3,5992,199.70000000000002
3789,2,5994,199.766
3944,3,5995,199.8
3945,3,5996,199.833
3947,3,5999,199.933
3949,3,6001,200.0
3950,3,6005,200.133
3789,1,6005,200.133
3953,3,6006,200.166
3954,3,6008,200.233
3951,3,6008,200.233
3955,3,6009,200.266
3956,3,6010,200.3
3958,3,6013,200.4
3959,3,6014,200.433
3965,3,6021,200.666
3961,3,6022,200.70000000000002
3967,3,6030,200.966
3965,2,6030,200.966
3970,3,6031,201.0
3969,3,6031,201.0
3972,3,6033,201.066
3976,3,6039,201.266
3965,1,6042,201.366
3978,3,6043,201.4
3979,3,6046,201.5
3983,3,6050,201.633
3986,1,6051,201.666
3984,3,6051,201.666
3990,3,6056,201.833
3992,3,6061,202.0
3993,3,6064,202.1
3994,3,6068,202.233
3995,3,6071,202.333
3914,2,6073,202.4
3998,3,6074,202.433
4000,3,6075,202.466
3999,3,6076,202.5
4003,3,6078,202.566
4010,3,6086,202.834
4009,1,6086,202.834
4013,3,6087,202.867
4012,3,6087,202.867
4011,3,6088,202.9
3914,1,6088,202.9
4014,3,6089,202.934
4017,3,6094,203.1
4022,3,6097,203.20000000000002
4023,3,6099,203.267
4026,3,6104,203.434
4034,3,6117,203.867
4039,3,6122,204.034
4044,3,6136,204.5
4045,3,6138,204.567
4047,3,6139,204.6
4050,3,6143,204.734
4052,3,6149,204.934
4058,3,6153,205.067
4060,3,6155,205.134
4067,3,6161,205.334
4069,3,6162,205.367
4075,3,6169,205.6
4075,2,6175,205.8
4079,3,6176,205.834
4086,3,6186,206.167
4075,1,6186,206.167
4087,3,6187,206.20000000000002
4088,3,6189,206.267
4091,3,6192,206.367
4092,3,6193,206.4
4096,3,6196,206.5
4098,3,6197,206.534
4099,3,6200,206.634
4103,3,6207,206.867
4106,3,6209,206.934
4109,3,6213,207.067
4106,2,6221,207.334
4116,3,6222,207.367
4121,2,6224,207.434
4125,3,6227,207.534
4124,3,6227,207.534
4126,2,6231,207.667
4129,3,6232,207.70000000000002
4126,1,6233,207.734
4131,3,6237,207.867
4121,1,6237,207.867
4132,3,6238,207.9
4135,3,6242,208.03300000000002
4134,3,6242,208.03300000000002
4141,3,6249,208.267
4139,3,6249,208.267
4142,3,6253,208.4
4146,3,6256,208.5
4148,3,6259,208.6
4149,3,6260,208.633
4152,3,6262,208.70000000000002
4154,3,6266,208.833
4159,3,6270,208.967
4156,3,6270,208.967
4161,3,6272,209.03300000000002
4162,3,6275,209.133
4163,3,6276,209.167
4166,3,6278,209.233
4170,3,6282,209.367
4172,3,6283,209.4
4171,3,6283,209.4
4175,3,6286,209.5
4174,3,6286,209.5
4168,3,6287,209.53300000000002
4177,3,6288,209.567
4179,3,6289,209.6
4182,3,6296,209.833
4188,3,6297,209.867
4185,3,6297,209.867
4190,3,6299,209.933
4183,3,6299,209.933
4195,3,6303,210.067
4177,2,6305,210.133
4196,3,6306,210.167
4193,3,6306,210.167
4202,3,6312,210.367
4203,3,6313,210.4
4201,3,6313,210.4
4177,1,6316,210.5
4209,3,6321,210.667
4212,3,6322,210.70000000000002
4210,1,6322,210.70000000000002
4213,3,6323,210.733
4223,3,6331,211.0
4225,3,6332,211.03300000000002
4229,3,6338,211.233
4231,3,6339,211.267
4232,3,6340,211.3
4234,3,6341,211.333
4219,3,6342,211.367
4213,2,6343,211.4
4240,3,6346,211.5
4243,3,6347,211.53300000000002
4238,3,6347,211.53300000000002
4249,3,6349,211.6
4248,3,6349,211.6
4247,3,6349,211.6
4246,2,6349,211.6
4250,3,6350,211.633
4252,3,6353,211.733
4251,3,6353,211.733
4253,2,6356,211.833
4247,2,6356,211.833
4254,3,6358,211.9
4255,3,6360,211.967
4259,3,6368,212.233
4264,1,6369,212.267
4262,3,6369,212.267
4266,3,6371,212.333
4267,3,6372,212.367
4271,3,6377,212.53300000000002
4274,3,6379,212.6
4270,3,6379,212.6
4275,3,6381,212.667
4278,3,6387,212.867
4281,3,6392,213.03300000000002
4279,3,6392,213.03300000000002
4283,3,6397,213.20000000000002
4262,2,6398,213.233
4289,3,6407,213.53300000000002
4292,3,6411,213.666
4294,3,6414,213.766
4182,2,6415,213.8
4297,3,6417,213.866
4298,3,6421,214.0
4182,1,6426,214.166
4304,3,6431,214.333
4306,3,6433,214.4
4305,1,6433,214.4
4308,3,6435,214.466
4307,3,6435,214.466
4310,3,6438,214.566
4312,3,6440,214.633
4314,3,6445,214.8
4313,3,6446,214.833
4314,2,6448,214.9
4312,2,6450,214.966
4318,3,6451,215.0
4321,3,6455,215.133
4322,2,6457,215.20000000000002
4323,3,6458,215.233
4322,1,6459,215.266
4329,3,6462,215.366
4331,3,6464,215.433
4332,1,6466,215.5
4333,3,6467,215.53300000000002
4337,3,6470,215.633
4338,3,6471,215.666
4341,3,6475,215.8
4343,3,6477,215.866
4344,3,6480,215.966
4345,3,6481,216.0
4347,3,6482,216.03300000000002
4346,3,6482,216.03300000000002
4347,2,6484,216.1
4331,2,6486,216.166
4353,3,6489,216.266
4357,3,6492,216.366
4355,3,6492,216.366
4362,3,6497,216.53300000000002
4331,1,6497,216.53300000000002
4368,3,6502,216.70000000000002
4370,3,6503,216.733
4373,3,6505,216.8
4369,1,6505,216.8
4372,3,6506,216.833
4375,3,6507,216.866
4376,3,6509,216.933
4377,3,6510,216.966
4378,3,6516,217.166
4379,3,6521,217.333
4381,3,6523,217.4
4382,3,6528,217.566
4384,3,6529,217.6
4385,3,6532,217.70000000000002
4386,3,6534,217.766
4387,3,6536,217.833
4388,3,6539,217.933
4391,3,6544,218.1
4392,3,6545,218.133
4393,3,6549,218.266
4397,3,6556,218.5
4402,3,6564,218.767
4411,3,6572,219.034
4412,3,6573,219.067
4414,3,6577,219.20000000000002
4416,3,6579,219.267
4418,3,6580,219.3
4415,3,6582,219.36700000000002
4419,3,6583,219.4
4422,3,6591,219.667
4423,3,6594,219.767
4428,3,6598,219.9
4433,3,6612,220.36700000000002
4434,3,6614,220.434
4438,3,6621,220.667
4439,3,6624,220.767
4448,3,6630,220.967
4449,3,6631,221.0
4453,3,6635,221.134
4452,3,6639,221.267
4456,3,6643,221.4
4454,3,6643,221.4
4457,3,6650,221.634
4458,3,6652,221.70000000000002
4461,3,6654,221.767
4463,3,6658,221.9
4462,3,6660,221.967
4477,3,6675,222.467
4482,3,6686,222.834
4486,3,6688,222.9
4491,3,6694,223.1
4493,3,6700,223.3
4496,3,6701,223.334
4495,3,6701,223.334
4497,3,6702,223.36700000000002
4494,3,6704,223.434
4499,3,6706,223.5
4503,3,6712,223.70000000000002
4506,3,6716,223.834
4514,3,6734,224.433
4518,3,6736,224.5
4519,3,6738,224.567
4520,3,6741,224.667
4524,3,6745,224.8
4527,3,6748,224.9
4526,3,6749,224.933
4529,3,6752,225.03300000000002
4531,3,6757,225.20000000000002
4538,3,6768,225.567
4541,3,6775,225.8
4540,3,6775,225.8
4544,3,6780,225.967
4548,3,6789,226.267
4549,3,6790,226.3
4555,3,6800,226.633
4554,3,6800,226.633
4557,3,6801,226.667
4559,3,6803,226.733
4558,2,6803,226.733
4560,3,6805,226.8
4562,3,6808,226.9
4561,3,6809,226.933
4563,3,6812,227.03300000000002
4566,3,6815,227.133
4572,3,6819,227.267
4570,3,6819,227.267
4574,3,6822,227.36700000000002
4576,3,6823,227.4
4578,3,6825,227.467
4580,3,6828,227.567
4579,3,6830,227.633
4581,3,6833,227.733
4583,3,6836,227.833
4585,3,6841,228.0
4588,3,6846,228.167
4589,3,6847,228.20000000000002
4587,3,6847,228.20000000000002
4593,3,6849,228.267
4592,3,6849,228.267
4590,3,6849,228.267
4594,3,6851,228.333
4598,3,6855,228.467
4599,3,6857,228.53300000000002
4600,3,6859,228.6
4605,3,6866,228.833
4606,3,6868,228.9
4609,3,6870,228.967
4610,3,6874,229.1
4615,3,6880,229.3
4617,3,6883,229.4
4616,3,6883,229.4
4622,3,6890,229.633
4623,3,6896,229.833
4626,3,6897,229.866
4627,3,6898,229.9
4625,3,6898,229.9
4623,2,6903,230.066
4630,3,6907,230.20000000000002
4626,2,6911,230.333
4632,3,6913,230.4
4636,3,6918,230.566
4637,3,6919,230.6
4640,3,6924,230.766
4643,3,6927,230.866
4645,3,6932,231.03300000000002
4646,3,6935,231.133
4648,3,6940,231.3
4651,3,6945,231.466
4653,3,6948,231.566
4661,3,6955,231.8
4657,3,6955,231.8
4661,2,6957,231.866
4668,3,6966,232.166
4661,1,6966,232.166
4670,3,6968,232.233
4669,3,6968,232.233
4671,3,6973,232.4
4672,3,6974,232.433
4674,3,6983,232.733
4681,3,6998,233.233
4683,3,7000,233.3
4685,3,7005,233.466
4686,3,7006,233.5
4689,3,7017,233.866
4690,3,7025,234.133
4692,3,7031,234.333
4694,3,7046,234.834
4695,3,7047,234.86700000000002
4695,2,7051,235.0
4696,3,7053,235.067
4697,3,7054,235.1
4698,3,7057,235.20000000000002
4695,1,7057,235.20000000000002
4702,3,7078,235.9
4703,3,7085,236.134
4707,3,7091,236.334
4715,3,7109,236.934
4719,3,7116,237.167
4716,3,7116,237.167
4722,3,7124,237.434
4716,2,7125,237.467
4726,2,7131,237.667
4725,2,7131,237.667
4727,3,7133,237.734
4726,1,7133,237.734
4729,3,7144,238.1
4735,3,7148,238.234
4740,3,7156,238.5
4742,3,7159,238.6
4743,3,7160,238.634
4748,3,7173,239.067
4751,3,7177,239.20000000000002
4752,3,7179,239.267
4757,3,7183,239.4
4759,3,7190,239.634
4762,3,7196,239.834
4764,3,7200,239.967
4757,2,7206,240.167
4773,3,7225,240.8
4774,3,7227,240.86700000000002
4778,3,7242,241.36700000000002
4779,3,7251,241.667
4781,3,7259,241.933
4743,2,7261,242.0
4743,1,7267,242.20000000000002
4783,3,7268,242.233
4787,3,7277,242.53300000000002
4790,3,7281,242.667
4792,3,7288,242.9
4791,3,7288,242.9
4751,2,7290,242.967
4794,3,7302,243.36700000000002
4796,3,7310,243.633
4799,3,7324,244.1
4802,3,7328,244.233
4803,3,7330,244.3
4800,3,7330,244.3
4808,3,7338,244.567
4810,3,7339,244.6
4809,3,7339,244.6
4812,3,7341,244.667
4816,3,7355,245.133
4799,2,7355,245.133
4819,3,7358,245.233
4821,3,7361,245.333
4823,3,7362,245.366
4822,3,7362,245.366
4826,3,7369,245.6
4826,2,7377,245.866
4828,3,7379,245.933
4827,2,7379,245.933
4827,1,7386,246.166
4834,3,7390,246.3
4836,3,7394,246.433
4839,3,7400,246.633
4838,3,7401,246.666
4846,3,7412,247.03300000000002
4852,3,7413,247.066
4855,3,7414,247.1
4857,3,7416,247.166
4858,3,7418,247.233
4860,3,7420,247.3
4867,3,7426,247.5
4866,3,7426,247.5
4868,3,7428,247.566
4867,2,7439,247.933
4874,2,7440,247.966
4876,3,7442,248.03300000000002
4878,3,7443,248.066
4879,3,7446,248.166
4874,1,7447,248.20000000000002
4880,3,7448,248.233
4882,3,7450,248.3
4883,3,7454,248.433
4885,3,7455,248.466
4886,3,7459,248.6
4887,3,7462,248.70000000000002
4890,3,7466,248.833
4891,3,7468,248.9
4892,3,7470,248.966
4894,3,7474,249.1
4898,3,7482,249.366
4901,3,7485,249.466
4900,3,7485,249.466
4903,3,7487,249.53300000000002
4904,3,7489,249.6
4906,3,7491,249.666
4907,3,7494,249.766
4908,3,7502,250.03300000000002
4910,3,7505,250.133
4912,3,7507,250.20000000000002
4916,3,7518,250.566
4918,3,7520,250.633
4912,2,7529,250.934
4923,3,7534,251.1
4925,3,7536,251.167
4880,2,7552,251.70000000000002
4931,3,7555,251.8
4880,1,7560,251.967
4934,3,7562,252.034
4938,3,7574,252.434
4943,3,7591,253.0
4892,2,7591,253.0
4946,3,7593,253.067
4948,3,7597,253.20000000000002
4950,3,7599,253.267
4950,2,7601,253.334
4956,2,7605,253.467
4954,3,7605,253.467
4957,3,7606,253.5
4955,3,7606,253.5
4959,3,7610,253.634
4956,1,7610,253.634
4960,3,7611,253.667
4950,1,7613,253.734
4963,3,7618,253.9
4965,3,7623,254.067
4966,3,7624,254.1
4973,3,7633,254.4
4972,3,7633,254.4
4925,2,7647,254.86700000000002
4983,3,7653,255.067
4985,3,7654,255.1
4986,3,7655,255.134
4925,1,7656,255.167
4994,3,7666,255.5
4995,3,7667,255.534
4998,3,7668,255.567
5000,3,7670,255.634
4999,3,7671,255.667
5002,3,7672,255.70000000000002
5006,3,7676,255.834
5004,3,7676,255.834
5007,3,7678,255.9
5009,3,7681,256.0
5004,2,7682,256.033
5010,3,7683,256.067
5011,3,7686,256.16700000000003
5012,3,7688,256.233
5017,3,7690,256.3
5018,3,7691,256.333
5023,3,7698,256.567
5022,3,7698,256.567
5024,3,7702,256.7
5025,3,7704,256.767
5027,3,7710,256.967
5027,2,7714,257.1
5030,2,7721,257.333
5029,3,7721,257.333
5032,3,7724,257.433
5030,1,7726,257.5
5038,3,7733,257.733
5037,3,7733,257.733
5042,3,7740,257.967
5041,3,7741,258.0
5043,3,7743,258.067
5047,3,7752,258.367
5041,2,7754,258.433
5049,2,7755,258.467
5051,3,7758,258.567
5056,3,7772,259.033
5057,3,7773,259.067
5059,1,7776,259.16700000000003
5066,3,7792,259.7
5065,3,7793,259.733
5076,3,7825,260.8
5079,3,7835,261.133
5081,3,7838,261.233
5082,3,7839,261.267
5079,2,7850,261.633
5088,3,7851,261.666
5089,3,7854,261.766
5090,3,7863,262.06600000000003
5091,3,7865,262.133
5099,3,7877,262.533
5098,3,7879,262.6
5101,3,7883,262.733
5102,3,7886,262.833
5108,3,7892,263.033
5042,2,7892,263.033
5109,3,7896,263.166
5098,2,7898,263.233
5116,2,7903,263.4
5117,3,7905,263.466
5119,2,7907,263.533
5125,3,7908,263.56600000000003
5123,3,7908,263.56600000000003
5121,3,7909,263.6
5119,1,7910,263.633
5116,1,7910,263.633
5076,2,7924,264.1
5136,3,7932,264.366
5076,1,7933,264.4
5139,3,7937,264.533
5143,3,7943,264.733
5145,3,7946,264.833
5148,3,7948,264.9
5151,3,7955,265.133
5145,2,7956,265.166
5153,3,7957,265.2
5156,3,7959,265.266
5155,3,7959,265.266
5143,2,7959,265.266
5158,3,7963,265.4
5159,3,7964,265.433
5160,3,7965,265.466
5143,1,7970,265.633
5164,3,7986,266.166
5167,3,7987,266.2
5168,3,7988,266.233
5165,3,7988,266.233
5169,3,7991,266.333
5171,3,7995,266.466
5172,3,7997,266.533
5173,3,8000,266.633
5177,3,8002,266.7
5179,3,8006,266.834
5175,3,8006,266.834
5180,3,8008,266.9
5182,3,8010,266.967
5183,3,8011,267.0
5184,3,8013,267.067
5186,3,8016,267.16700000000003
5190,2,8021,267.334
5188,3,8022,267.367
5187,3,8022,267.367
5188,2,8024,267.434
5193,3,8026,267.5
5195,2,8027,267.534
5196,3,8028,267.567
5200,3,8031,267.66700000000003
5195,1,8032,267.7
5204,1,8038,267.9
5205,3,8042,268.034
5209,3,8047,268.2
5210,3,8049,268.267
5214,3,8050,268.3
5216,3,8052,268.367
5212,3,8053,268.4
5218,3,8055,268.467
5217,3,8055,268.467
5219,3,8058,268.567
5217,2,8062,268.7
5222,3,8064,268.767
5226,3,8070,268.967
5217,1,8071,269.0
5228,3,8077,269.2
5230,3,8082,269.367
5236,3,8088,269.567
5235,3,8088,269.567
5238,3,8092,269.7
5240,3,8095,269.8
5242,3,8098,269.9
5245,3,8104,270.1
5247,3,8109,270.267
5249,3,8111,270.334
5248,3,8112,270.367
5252,3,8114,270.434
5255,3,8122,270.7
5257,3,8124,270.767
5258,3,8130,270.967
5263,3,8141,271.334
5267,3,8146,271.5
5273,3,8152,271.7
5275,3,8155,271.8
5276,3,8156,271.834
5280,3,8161,272.0
5277,3,8161,272.0
5281,3,8162,272.033
5282,3,8165,272.133
5281,2,8165,272.133
5280,2,8165,272.133
5283,3,8166,272.16700000000003
5285,3,8170,272.3
5288,3,8174,272.433
5292,3,8178,272.567
5297,3,8184,272.767
5296,3,8184,272.767
5298,3,8185,272.8
5302,3,8189,272.933
5307,3,8193,273.067
5307,2,8194,273.1
5311,2,8196,273.16700000000003
5308,3,8196,273.16700000000003
5302,2,8198,273.233
5312,3,8201,273.333
5316,3,8202,273.367
5313,3,8203,273.40000000000003
5319,3,8207,273.533
5318,3,8207,273.533
5255,2,8209,273.6
5324,3,8213,273.733
5326,3,8214,273.767
5328,3,8215,273.8
5255,1,8216,273.833
5335,3,8225,274.133
5334,3,8226,274.16700000000003
5339,3,8227,274.2
5340,3,8230,274.3
5342,3,8231,274.333
5343,3,8237,274.533
5345,3,8243,274.733
5346,3,8245,274.8
5347,3,8248,274.90000000000003
5349,3,8254,275.1
5353,3,8264,275.433
5357,3,8269,275.6
5360,3,8271,275.66700000000003
5359,3,8271,275.66700000000003
5342,2,8273,275.733
5362,3,8280,275.967
5364,2,8284,276.1
5364,1,8285,276.133
5365,3,8286,276.16700000000003
5367,1,8290,276.3
5366,3,8293,276.40000000000003
5368,3,8296,276.5
5373,3,8303,276.733
5372,3,8307,276.867
5377,3,8314,277.1
5379,3,8318,277.233
5380,3,8324,277.433
5382,3,8329,277.6
5380,2,8330,277.633
5384,2,8333,277.733
5387,3,8337,277.866
5384,1,8338,277.90000000000003
5394,3,8343,278.06600000000003
5392,3,8343,278.06600000000003
5397,3,8349,278.266
5401,3,8354,278.433
5402,3,8357,278.533
5403,3,8358,278.56600000000003
5408,3,8363,278.733
5410,3,8367,278.866
5413,3,8368,278.90000000000003
5412,3,8368,278.90000000000003
5411,3,8371,279.0
5415,3,8372,279.033
5419,3,8375,279.133
5416,3,8377,279.2
5421,3,8381,279.333
5425,3,8386,279.5
5424,3,8386,279.5
5428,3,8387,279.533
5426,3,8387,279.533
5429,2,8390,279.633
5431,3,8394,279.766
5434,3,8397,279.866
5432,3,8399,279.933
5429,1,8399,279.933
5436,3,8401,280.0
5435,3,8401,280.0
5438,3,8405,280.133
5439,3,8406,280.166
5445,3,8417,280.533
5448,3,8420,280.633
5455,3,8427,280.866
5456,3,8429,280.933
5459,3,8433,281.06600000000003
5458,3,8435,281.133
5464,3,8441,281.333
5466,3,8444,281.433
5470,3,8448,281.56600000000003
5471,3,8449,281.6
5474,3,8453,281.733
5479,3,8459,281.933
5481,3,8460,281.966
5480,3,8461,282.0
5477,3,8461,282.0
5482,3,8466,282.166
5484,2,8470,282.3
5477,2,8470,282.3
5485,3,8471,282.333
5490,3,8477,282.533
5477,1,8479,282.6
5495,1,8483,282.734
5500,3,8485,282.8
5497,3,8485,282.8
5498,3,8487,282.867
5504,3,8489,282.934
5505,3,8490,282.967
5506,3,8493,283.067
5508,3,8494,283.1
5509,3,8496,283.16700000000003
5514,3,8501,283.334
5511,2,8502,283.367
5516,3,8503,283.40000000000003
5519,3,8508,283.567
5521,3,8510,283.634
5511,1,8510,283.634
5533,1,8517,283.867
5531,3,8517,283.867
5534,3,8519,283.934
5536,3,8522,284.034
5527,3,8522,284.034
5539,3,8525,284.134
5543,3,8530,284.3
5548,3,8537,284.534
5552,3,8541,284.66700000000003
5551,3,8541,284.66700000000003
5560,3,8550,284.967
5561,3,8552,285.034
5548,2,8560,285.3
5568,2,8564,285.434
5570,3,8567,285.534
5572,3,8568,285.567
5571,3,8568,285.567
5568,1,8569,285.6
5576,3,8581,286.0
5575,3,8582,286.034
5579,3,8585,286.134
5582,3,8594,286.434
5589,3,8611,287.0
5590,3,8614,287.1
5592,3,8619,287.267
5593,3,8622,287.367
5599,3,8634,287.767
5601,3,8636,287.834
5600,3,8636,287.834
5602,3,8640,287.967
5605,3,8644,288.1
5607,3,8649,288.267
5611,3,8657,288.533
5601,2,8659,288.6
5614,3,8660,288.633
5618,3,8662,288.7
5617,2,8662,288.7
5617,1,8669,288.933
5620,3,8670,288.967
5619,3,8670,288.967
5624,3,8676,289.16700000000003
5623,1,8676,289.16700000000003
5619,2,8678,289.233
5627,3,8679,289.267
5629,3,8683,289.40000000000003
5635,3,8692,289.7
5630,3,8692,289.7
5637,3,8697,289.867
5636,3,8697,289.867
5645,3,8720,290.633
5646,3,8724,290.767
5647,3,8725,290.8
5648,3,8728,290.90000000000003
5651,3,8735,291.133
5649,3,8735,291.133
5652,3,8738,291.233
5654,3,8739,291.267
5656,3,8742,291.367
5657,3,8743,291.40000000000003
5655,3,8744,291.433
5658,3,8749,291.6
5660,3,8755,291.8
5663,3,8762,292.033
5662,3,8763,292.067
5665,3,8766,292.16700000000003
5666,3,8767,292.2
5672,3,8780,292.633
5674,3,8786,292.833
5676,3,8791,293.0
5675,3,8792,293.033
5675,2,8798,293.233
5672,2,8798,293.233
5683,3,8805,293.466
5675,1,8805,293.466
5684,3,8807,293.533
5686,3,8810,293.633
5689,3,8816,293.833
5691,3,8817,293.866
5692,3,8818,293.90000000000003
5694,3,8819,293.933
5696,3,8820,293.966
5698,3,8822,294.033
5699,3,8824,294.1
5700,3,8825,294.133
5703,3,8830,294.3
5710,3,8835,294.466
5711,3,8837,294.533
5712,3,8838,294.56600000000003
5713,3,8840,294.633
5715,3,8843,294.733
5717,3,8851,295.0
5719,3,8858,295.233
5721,3,8860,295.3
5723,3,8868,295.56600000000003
5717,2,8871,295.666
5724,3,8872,295.7
5728,3,8881,296.0
5727,1,8881,296.0
5729,3,8883,296.06600000000003
5731,3,8886,296.166
5732,1,8887,296.2
5733,3,8888,296.233
5735,3,8890,296.3
5738,3,8893,296.40000000000003
5737,3,8896,296.5
5741,3,8897,296.533
5742,3,8901,296.666
5745,3,8905,296.8
5738,2,8910,296.966
5747,2,8913,297.06600000000003
5748,3,8915,297.133
5751,3,8917,297.2
5749,3,8917,297.2
5747,1,8921,297.333
5752,3,8923,297.40000000000003
5753,3,8924,297.433
5754,1,8927,297.533
5758,3,8935,297.8
5761,3,8938,297.90000000000003
5762,3,8941,298.0
5769,3,8948,298.233
5770,3,8951,298.333
5753,2,8954,298.433
5771,3,8960,298.633
5772,3,8961,298.66700000000003
5774,3,8962,298.7
5753,1,8965,298.8
5775,3,8966,298.834
5777,3,8967,298.867
5778,3,8971,299.0
5779,3,8975,299.134
5785,3,8992,299.7
5787,3,9000,299.967
5790,3,9007,300.2
5788,3,9010,300.3
5796,3,9011,300.334
5795,3,9011,300.334
5731,2,9011,300.334
5800,2,9018,300.567
5805,3,9021,300.66700000000003
5804,3,9021,300.66700000000003
5800,1,9022,300.7
5807,3,9023,300.734
5809,3,9026,300.834
5808,1,9026,300.834
5811,3,9027,300.867
5810,3,9028,300.90000000000003
5814,3,9030,300.967
5815,3,9032,301.034
5817,3,9038,301.234
5825,3,9044,301.434
5827,3,9046,301.5
5826,3,9047,301.534
5811,2,9047,301.534
5823,3,9048,301.567
5829,3,9049,301.6
5828,2,9049,301.6
5828,1,9059,301.934
5831,1,9060,301.967
5832,3,9062,302.034
5835,3,9065,302.134
5836,3,9066,302.16700000000003
5834,3,9066,302.16700000000003
5837,3,9068,302.234
5839,3,9074,302.434
5840,3,9077,302.534
5841,3,9079,302.6
5842,3,9081,302.66700000000003
5846,3,9086,302.834
5849,3,9091,303.0
5851,3,9095,303.134
5853,3,9096,303.16700000000003
5854,3,9106,303.5
5865,3,9119,303.934
5868,3,9126,304.16700000000003
5866,3,9126,304.16700000000003
5871,3,9132,304.367
5872,3,9134,304.433
5873,3,9136,304.5
5881,3,9149,304.933
5884,3,9152,305.033
5887,3,9159,305.267
5891,3,9160,305.3
5895,3,9162,305.367
5898,3,9165,305.467
5904,3,9170,305.633
5903,3,9170,305.633
5901,3,9172,305.7
5905,3,9175,305.8
